Min,Max,Modal PriceAlappuzha from 14-jun-2020To14-jun-2021 (Total-341) (Total-341)<div>
,,
,,
Sl no.District NameMarket NameCommodityVarietyGradeMin Price (Rs./Quintal)Max Price (Rs./Quintal)Modal Price (Rs./Quintal)Price Date,,
,,
,,
1,,
,,
Alappuzha,,
,,
Alappuzha,,
,,
Onion,,
,,
Small,,
,,
FAQ,,
,,
8500,,
,,
8700,,
,,
8600,,
,,
11 Nov 2020,,
,,
,,
,,
2,,
,,
Alappuzha,,
,,
Alappuzha,,
,,
Onion,,
,,
Small,,
,,
FAQ,,
,,
7500,,
,,
7650,,
,,
7600,,
,,
14 Feb 2021,,
,,
,,
,,
3,,
,,
Alappuzha,,
,,
Alappuzha,,
,,
Onion,,
,,
Big,,
,,
FAQ,,
,,
2300,,
,,
2500,,
,,
2400,,
,,
04 May 2021,,
,,
,,
,,
4,,
,,
Alappuzha,,
,,
Alappuzha,,
,,
Onion,,
,,
Small,,
,,
FAQ,,
,,
4400,,
,,
4500,,
,,
4450,,
,,
18 Mar 2021,,
,,
,,
,,
5,,
,,
Alappuzha,,
,,
Alappuzha,,
,,
Onion,,
,,
Big,,
,,
FAQ,,
,,
2300,,
,,
2400,,
,,
2350,,
,,
22 Mar 2021,,
,,
,,
,,
6,,
,,
Alappuzha,,
,,
Alappuzha,,
,,
Onion,,
,,
Big,,
,,
FAQ,,
,,
4200,,
,,
4400,,
,,
4300,,
,,
27 Sep 2020,,
,,
,,
,,
7,,
,,
Alappuzha,,
,,
Alappuzha,,
,,
Onion,,
,,
Small,,
,,
FAQ,,
,,
5400,,
,,
5500,,
,,
5450,,
,,
06 Oct 2020,,
,,
,,
,,
8,,
,,
Alappuzha,,
,,
Alappuzha,,
,,
Onion,,
,,
Small,,
,,
FAQ,,
,,
5400,,
,,
5500,,
,,
5450,,
,,
24 Sep 2020,,
,,
,,
,,
9,,
,,
Alappuzha,,
,,
Alappuzha,,
,,
Onion,,
,,
Big,,
,,
FAQ,,
,,
4200,,
,,
4300,,
,,
4250,,
,,
23 Sep 2020,,
,,
,,
,,
10,,
,,
Alappuzha,,
,,
Alappuzha,,
,,
Onion,,
,,
Big,,
,,
FAQ,,
,,
2400,,
,,
2500,,
,,
2450,,
,,
06 May 2021,,
,,
,,
,,
11,,
,,
Alappuzha,,
,,
Alappuzha,,
,,
Onion,,
,,
Small,,
,,
FAQ,,
,,
5500,,
,,
5650,,
,,
5600,,
,,
14 Dec 2020,,
,,
,,
,,
12,,
,,
Alappuzha,,
,,
Alappuzha,,
,,
Onion,,
,,
Big,,
,,
FAQ,,
,,
1800,,
,,
1900,,
,,
1850,,
,,
19 Apr 2021,,
,,
,,
,,
13,,
,,
Alappuzha,,
,,
Alappuzha,,
,,
Onion,,
,,
Big,,
,,
FAQ,,
,,
2400,,
,,
2500,,
,,
2450,,
,,
05 May 2021,,
,,
,,
,,
14,,
,,
Alappuzha,,
,,
Alappuzha,,
,,
Onion,,
,,
Small,,
,,
FAQ,,
,,
5400,,
,,
5500,,
,,
5450,,
,,
27 Nov 2020,,
,,
,,
,,
15,,
,,
Alappuzha,,
,,
Alappuzha,,
,,
Onion,,
,,
Big,,
,,
FAQ,,
,,
7000,,
,,
7200,,
,,
7100,,
,,
07 Nov 2020,,
,,
,,
,,
16,,
,,
Alappuzha,,
,,
Alappuzha,,
,,
Onion,,
,,
Small,,
,,
FAQ,,
,,
5400,,
,,
5500,,
,,
5450,,
,,
28 Jan 2021,,
,,
,,
,,
17,,
,,
Alappuzha,,
,,
Alappuzha,,
,,
Onion,,
,,
Big,,
,,
FAQ,,
,,
4200,,
,,
4350,,
,,
4300,,
,,
06 Oct 2020,,
,,
,,
,,
18,,
,,
Alappuzha,,
,,
Alappuzha,,
,,
Onion,,
,,
Big,,
,,
FAQ,,
,,
2000,,
,,
2100,,
,,
2050,,
,,
22 May 2021,,
,,
,,
,,
19,,
,,
Alappuzha,,
,,
Alappuzha,,
,,
Onion,,
,,
Small,,
,,
FAQ,,
,,
4400,,
,,
4500,,
,,
4450,,
,,
12 Mar 2021,,
,,
,,
,,
20,,
,,
Alappuzha,,
,,
Alappuzha,,
,,
Onion,,
,,
Small,,
,,
FAQ,,
,,
3500,,
,,
3700,,
,,
3600,,
,,
24 Jun 2020,,
,,
,,
,,
21,,
,,
Alappuzha,,
,,
Alappuzha,,
,,
Onion,,
,,
Big,,
,,
FAQ,,
,,
5400,,
,,
5600,,
,,
5500,,
,,
19 Nov 2020,,
,,
,,
,,
22,,
,,
Alappuzha,,
,,
Alappuzha,,
,,
Onion,,
,,
Big,,
,,
FAQ,,
,,
4200,,
,,
4400,,
,,
4300,,
,,
26 Sep 2020,,
,,
,,
,,
23,,
,,
Alappuzha,,
,,
Alappuzha,,
,,
Onion,,
,,
Small,,
,,
FAQ,,
,,
7500,,
,,
7600,,
,,
7550,,
,,
10 Feb 2021,,
,,
,,
,,
24,,
,,
Alappuzha,,
,,
Alappuzha,,
,,
Onion,,
,,
Big,,
,,
FAQ,,
,,
2300,,
,,
2400,,
,,
2350,,
,,
24 Mar 2021,,
,,
,,
,,
25,,
,,
Alappuzha,,
,,
Alappuzha,,
,,
Onion,,
,,
Big,,
,,
FAQ,,
,,
1400,,
,,
1500,,
,,
1450,,
,,
07 Jul 2020,,
,,
,,
,,
26,,
,,
Alappuzha,,
,,
Alappuzha,,
,,
Onion,,
,,
Small,,
,,
FAQ,,
,,
5400,,
,,
5500,,
,,
5450,,
,,
23 Sep 2020,,
,,
,,
,,
27,,
,,
Alappuzha,,
,,
Alappuzha,,
,,
Onion,,
,,
Big,,
,,
FAQ,,
,,
4200,,
,,
4300,,
,,
4250,,
,,
30 Sep 2020,,
,,
,,
,,
28,,
,,
Alappuzha,,
,,
Alappuzha,,
,,
Onion,,
,,
Big,,
,,
FAQ,,
,,
2300,,
,,
2400,,
,,
2350,,
,,
29 Mar 2021,,
,,
,,
,,
29,,
,,
Alappuzha,,
,,
Alappuzha,,
,,
Onion,,
,,
Big,,
,,
FAQ,,
,,
5000,,
,,
5200,,
,,
5100,,
,,
16 Feb 2021,,
,,
,,
,,
30,,
,,
Alappuzha,,
,,
Alappuzha,,
,,
Onion,,
,,
Small,,
,,
FAQ,,
,,
4400,,
,,
4600,,
,,
4500,,
,,
26 May 2021,,
,,
,,
,,
31,,
,,
Alappuzha,,
,,
Alappuzha,,
,,
Onion,,
,,
Small,,
,,
FAQ,,
,,
5400,,
,,
5550,,
,,
5500,,
,,
04 Oct 2020,,
,,
,,
,,
32,,
,,
Alappuzha,,
,,
Alappuzha,,
,,
Onion,,
,,
Small,,
,,
FAQ,,
,,
3600,,
,,
3700,,
,,
3650,,
,,
06 Aug 2020,,
,,
,,
,,
33,,
,,
Alappuzha,,
,,
Alappuzha,,
,,
Onion,,
,,
Big,,
,,
FAQ,,
,,
5300,,
,,
5500,,
,,
5400,,
,,
04 Dec 2020,,
,,
,,
,,
34,,
,,
Alappuzha,,
,,
Alappuzha,,
,,
Onion,,
,,
Small,,
,,
FAQ,,
,,
8400,,
,,
8600,,
,,
8500,,
,,
19 Nov 2020,,
,,
,,
,,
35,,
,,
Alappuzha,,
,,
Alappuzha,,
,,
Onion,,
,,
Big,,
,,
FAQ,,
,,
2000,,
,,
2100,,
,,
2050,,
,,
25 May 2021,,
,,
,,
,,
36,,
,,
Alappuzha,,
,,
Alappuzha,,
,,
Onion,,
,,
Small,,
,,
FAQ,,
,,
4400,,
,,
4500,,
,,
4450,,
,,
06 May 2021,,
,,
,,
,,
37,,
,,
Alappuzha,,
,,
Alappuzha,,
,,
Onion,,
,,
Big,,
,,
FAQ,,
,,
4000,,
,,
4100,,
,,
4050,,
,,
07 Feb 2021,,
,,
,,
,,
38,,
,,
Alappuzha,,
,,
Alappuzha,,
,,
Onion,,
,,
Small,,
,,
FAQ,,
,,
5300,,
,,
5500,,
,,
5400,,
,,
07 Dec 2020,,
,,
,,
,,
39,,
,,
Alappuzha,,
,,
Alappuzha,,
,,
Onion,,
,,
Big,,
,,
FAQ,,
,,
3800,,
,,
3950,,
,,
3900,,
,,
18 Jan 2021,,
,,
,,
,,
40,,
,,
Alappuzha,,
,,
Alappuzha,,
,,
Onion,,
,,
Big,,
,,
FAQ,,
,,
4000,,
,,
4100,,
,,
4050,,
,,
12 Feb 2021,,
,,
,,
,,
41,,
,,
Alappuzha,,
,,
Alappuzha,,
,,
Onion,,
,,
Big,,
,,
FAQ,,
,,
5000,,
,,
5200,,
,,
5100,,
,,
15 Feb 2021,,
,,
,,
,,
42,,
,,
Alappuzha,,
,,
Alappuzha,,
,,
Onion,,
,,
Small,,
,,
FAQ,,
,,
8400,,
,,
8600,,
,,
8500,,
,,
14 Nov 2020,,
,,
,,
,,
43,,
,,
Alappuzha,,
,,
Alappuzha,,
,,
Onion,,
,,
Big,,
,,
FAQ,,
,,
2000,,
,,
2200,,
,,
2100,,
,,
29 May 2021,,
,,
,,
,,
44,,
,,
Alappuzha,,
,,
Alappuzha,,
,,
Onion,,
,,
Small,,
,,
FAQ,,
,,
7500,,
,,
7600,,
,,
7550,,
,,
12 Feb 2021,,
,,
,,
,,
45,,
,,
Alappuzha,,
,,
Alappuzha,,
,,
Onion,,
,,
Big,,
,,
FAQ,,
,,
1400,,
,,
1500,,
,,
1450,,
,,
04 Aug 2020,,
,,
,,
,,
46,,
,,
Alappuzha,,
,,
Alappuzha,,
,,
Onion,,
,,
Big,,
,,
FAQ,,
,,
3700,,
,,
3900,,
,,
3800,,
,,
17 Jan 2021,,
,,
,,
,,
47,,
,,
Alappuzha,,
,,
Alappuzha,,
,,
Onion,,
,,
Small,,
,,
FAQ,,
,,
3800,,
,,
4000,,
,,
3900,,
,,
29 Dec 2020,,
,,
,,
,,
48,,
,,
Alappuzha,,
,,
Alappuzha,,
,,
Onion,,
,,
Big,,
,,
FAQ,,
,,
2600,,
,,
2700,,
,,
2650,,
,,
14 Jun 2021,,
,,
,,
,,
49,,
,,
Alappuzha,,
,,
Alappuzha,,
,,
Onion,,
,,
Small,,
,,
FAQ,,
,,
3500,,
,,
3650,,
,,
3600,,
,,
23 Jun 2020,,
,,
,,
,,
50,,
,,
Alappuzha,,
,,
Alappuzha,,
,,
Onion,,
,,
Big,,
,,
FAQ,,
,,
1400,,
,,
1500,,
,,
1450,,
,,
15 Jun 2020,,
,,
,,
,,
51,,
,,
Alappuzha,,
,,
Alappuzha,,
,,
Onion,,
,,
Big,,
,,
FAQ,,
,,
2900,,
,,
3100,,
,,
3000,,
,,
04 Jan 2021,,
,,
,,
,,
52,,
,,
Alappuzha,,
,,
Alappuzha,,
,,
Onion,,
,,
Big,,
,,
FAQ,,
,,
3200,,
,,
3400,,
,,
3300,,
,,
17 Dec 2020,,
,,
,,
,,
53,,
,,
Alappuzha,,
,,
Alappuzha,,
,,
Onion,,
,,
Big,,
,,
FAQ,,
,,
2300,,
,,
2400,,
,,
2350,,
,,
25 Mar 2021,,
,,
,,
,,
54,,
,,
Alappuzha,,
,,
Alappuzha,,
,,
Onion,,
,,
Big,,
,,
FAQ,,
,,
2000,,
,,
2200,,
,,
2100,,
,,
31 May 2021,,
,,
,,
,,
55,,
,,
Alappuzha,,
,,
Alappuzha,,
,,
Onion,,
,,
Small,,
,,
FAQ,,
,,
4400,,
,,
4600,,
,,
4500,,
,,
24 May 2021,,
,,
,,
,,
56,,
,,
Alappuzha,,
,,
Alappuzha,,
,,
Onion,,
,,
Small,,
,,
FAQ,,
,,
5400,,
,,
5500,,
,,
5450,,
,,
14 Jan 2021,,
,,
,,
,,
57,,
,,
Alappuzha,,
,,
Alappuzha,,
,,
Onion,,
,,
Big,,
,,
FAQ,,
,,
1400,,
,,
1500,,
,,
1450,,
,,
16 Jun 2020,,
,,
,,
,,
58,,
,,
Alappuzha,,
,,
Alappuzha,,
,,
Onion,,
,,
Small,,
,,
FAQ,,
,,
3500,,
,,
3600,,
,,
3550,,
,,
15 Jun 2020,,
,,
,,
,,
59,,
,,
Alappuzha,,
,,
Alappuzha,,
,,
Onion,,
,,
Small,,
,,
FAQ,,
,,
3500,,
,,
3700,,
,,
3600,,
,,
07 Jul 2020,,
,,
,,
,,
60,,
,,
Alappuzha,,
,,
Alappuzha,,
,,
Onion,,
,,
Small,,
,,
FAQ,,
,,
5300,,
,,
5500,,
,,
5400,,
,,
03 Dec 2020,,
,,
,,
,,
61,,
,,
Alappuzha,,
,,
Alappuzha,,
,,
Onion,,
,,
Small,,
,,
FAQ,,
,,
3400,,
,,
3500,,
,,
3450,,
,,
14 Jun 2020,,
,,
,,
,,
62,,
,,
Alappuzha,,
,,
Alappuzha,,
,,
Onion,,
,,
Small,,
,,
FAQ,,
,,
4500,,
,,
4600,,
,,
4550,,
,,
20 May 2021,,
,,
,,
,,
63,,
,,
Alappuzha,,
,,
Alappuzha,,
,,
Onion,,
,,
Big,,
,,
FAQ,,
,,
6500,,
,,
6700,,
,,
6600,,
,,
11 Nov 2020,,
,,
,,
,,
64,,
,,
Alappuzha,,
,,
Alappuzha,,
,,
Onion,,
,,
Big,,
,,
FAQ,,
,,
2000,,
,,
2150,,
,,
2100,,
,,
27 May 2021,,
,,
,,
,,
65,,
,,
Alappuzha,,
,,
Alappuzha,,
,,
Onion,,
,,
Big,,
,,
FAQ,,
,,
3800,,
,,
3900,,
,,
3850,,
,,
16 Jan 2021,,
,,
,,
,,
66,,
,,
Alappuzha,,
,,
Alappuzha,,
,,
Onion,,
,,
Big,,
,,
FAQ,,
,,
4800,,
,,
5000,,
,,
4900,,
,,
14 Oct 2020,,
,,
,,
,,
67,,
,,
Alappuzha,,
,,
Alappuzha,,
,,
Onion,,
,,
Big,,
,,
FAQ,,
,,
2000,,
,,
2100,,
,,
2050,,
,,
17 May 2021,,
,,
,,
,,
68,,
,,
Alappuzha,,
,,
Alappuzha,,
,,
Onion,,
,,
Big,,
,,
FAQ,,
,,
5400,,
,,
5500,,
,,
5450,,
,,
28 Nov 2020,,
,,
,,
,,
69,,
,,
Alappuzha,,
,,
Alappuzha,,
,,
Onion,,
,,
Big,,
,,
FAQ,,
,,
1400,,
,,
1550,,
,,
1500,,
,,
03 Aug 2020,,
,,
,,
,,
70,,
,,
Alappuzha,,
,,
Alappuzha,,
,,
Onion,,
,,
Small,,
,,
FAQ,,
,,
4000,,
,,
4150,,
,,
4100,,
,,
03 Jan 2021,,
,,
,,
,,
71,,
,,
Alappuzha,,
,,
Alappuzha,,
,,
Onion,,
,,
Small,,
,,
FAQ,,
,,
8500,,
,,
8600,,
,,
8550,,
,,
10 Nov 2020,,
,,
,,
,,
72,,
,,
Alappuzha,,
,,
Alappuzha,,
,,
Onion,,
,,
Small,,
,,
FAQ,,
,,
4000,,
,,
4100,,
,,
4050,,
,,
27 Dec 2020,,
,,
,,
,,
73,,
,,
Alappuzha,,
,,
Alappuzha,,
,,
Onion,,
,,
Small,,
,,
FAQ,,
,,
3500,,
,,
3650,,
,,
3600,,
,,
17 Jun 2020,,
,,
,,
,,
74,,
,,
Alappuzha,,
,,
Alappuzha,,
,,
Onion,,
,,
Big,,
,,
FAQ,,
,,
7000,,
,,
7100,,
,,
7050,,
,,
09 Nov 2020,,
,,
,,
,,
75,,
,,
Alappuzha,,
,,
Alappuzha,,
,,
Onion,,
,,
Small,,
,,
FAQ,,
,,
5400,,
,,
5500,,
,,
5450,,
,,
10 Dec 2020,,
,,
,,
,,
76,,
,,
Alappuzha,,
,,
Alappuzha,,
,,
Onion,,
,,
Big,,
,,
FAQ,,
,,
2300,,
,,
2400,,
,,
2350,,
,,
19 Mar 2021,,
,,
,,
,,
77,,
,,
Alappuzha,,
,,
Alappuzha,,
,,
Onion,,
,,
Big,,
,,
FAQ,,
,,
2300,,
,,
2400,,
,,
2350,,
,,
12 Mar 2021,,
,,
,,
,,
78,,
,,
Alappuzha,,
,,
Alappuzha,,
,,
Onion,,
,,
Small,,
,,
FAQ,,
,,
5300,,
,,
5500,,
,,
5400,,
,,
15 Dec 2020,,
,,
,,
,,
79,,
,,
Alappuzha,,
,,
Alappuzha,,
,,
Onion,,
,,
Big,,
,,
FAQ,,
,,
1400,,
,,
1500,,
,,
1450,,
,,
01 Aug 2020,,
,,
,,
,,
80,,
,,
Alappuzha,,
,,
Alappuzha,,
,,
Onion,,
,,
Small,,
,,
FAQ,,
,,
7500,,
,,
7600,,
,,
7550,,
,,
07 Feb 2021,,
,,
,,
,,
81,,
,,
Alappuzha,,
,,
Alappuzha,,
,,
Onion,,
,,
Small,,
,,
FAQ,,
,,
7500,,
,,
7600,,
,,
7550,,
,,
11 Feb 2021,,
,,
,,
,,
82,,
,,
Alappuzha,,
,,
Alappuzha,,
,,
Onion,,
,,
Big,,
,,
FAQ,,
,,
5500,,
,,
5650,,
,,
5600,,
,,
18 Nov 2020,,
,,
,,
,,
83,,
,,
Alappuzha,,
,,
Alappuzha,,
,,
Onion,,
,,
Big,,
,,
FAQ,,
,,
2500,,
,,
2700,,
,,
2600,,
,,
08 Jun 2021,,
,,
,,
,,
84,,
,,
Alappuzha,,
,,
Alappuzha,,
,,
Onion,,
,,
Small,,
,,
FAQ,,
,,
5300,,
,,
5500,,
,,
5400,,
,,
02 Dec 2020,,
,,
,,
,,
85,,
,,
Alappuzha,,
,,
Alappuzha,,
,,
Onion,,
,,
Small,,
,,
FAQ,,
,,
4400,,
,,
4550,,
,,
4500,,
,,
16 Mar 2021,,
,,
,,
,,
86,,
,,
Alappuzha,,
,,
Alappuzha,,
,,
Onion,,
,,
Big,,
,,
FAQ,,
,,
3800,,
,,
3900,,
,,
3850,,
,,
26 Jan 2021,,
,,
,,
,,
87,,
,,
Alappuzha,,
,,
Alappuzha,,
,,
Onion,,
,,
Big,,
,,
FAQ,,
,,
2300,,
,,
2400,,
,,
2350,,
,,
16 Mar 2021,,
,,
,,
,,
88,,
,,
Alappuzha,,
,,
Alappuzha,,
,,
Onion,,
,,
Small,,
,,
FAQ,,
,,
5300,,
,,
5500,,
,,
5400,,
,,
29 Nov 2020,,
,,
,,
,,
89,,
,,
Alappuzha,,
,,
Alappuzha,,
,,
Onion,,
,,
Big,,
,,
FAQ,,
,,
4000,,
,,
4200,,
,,
4100,,
,,
31 Jan 2021,,
,,
,,
,,
90,,
,,
Alappuzha,,
,,
Alappuzha,,
,,
Onion,,
,,
Small,,
,,
FAQ,,
,,
4400,,
,,
4500,,
,,
4450,,
,,
27 Mar 2021,,
,,
,,
,,
91,,
,,
Alappuzha,,
,,
Alappuzha,,
,,
Onion,,
,,
Small,,
,,
FAQ,,
,,
5400,,
,,
5500,,
,,
5450,,
,,
30 Nov 2020,,
,,
,,
,,
92,,
,,
Alappuzha,,
,,
Alappuzha,,
,,
Onion,,
,,
Big,,
,,
FAQ,,
,,
6500,,
,,
6650,,
,,
6600,,
,,
14 Nov 2020,,
,,
,,
,,
93,,
,,
Alappuzha,,
,,
Alappuzha,,
,,
Onion,,
,,
Big,,
,,
FAQ,,
,,
1400,,
,,
1550,,
,,
1500,,
,,
17 Jun 2020,,
,,
,,
,,
94,,
,,
Alappuzha,,
,,
Alappuzha,,
,,
Onion,,
,,
Small,,
,,
FAQ,,
,,
5400,,
,,
5500,,
,,
5450,,
,,
28 Nov 2020,,
,,
,,
,,
95,,
,,
Alappuzha,,
,,
Alappuzha,,
,,
Onion,,
,,
Big,,
,,
FAQ,,
,,
3800,,
,,
3900,,
,,
3850,,
,,
14 Jan 2021,,
,,
,,
,,
96,,
,,
Alappuzha,,
,,
Alappuzha,,
,,
Onion,,
,,
Small,,
,,
FAQ,,
,,
5400,,
,,
5500,,
,,
5450,,
,,
11 Oct 2020,,
,,
,,
,,
97,,
,,
Alappuzha,,
,,
Alappuzha,,
,,
Onion,,
,,
Small,,
,,
FAQ,,
,,
5400,,
,,
5500,,
,,
5450,,
,,
25 Sep 2020,,
,,
,,
,,
98,,
,,
Alappuzha,,
,,
Alappuzha,,
,,
Onion,,
,,
Small,,
,,
FAQ,,
,,
6800,,
,,
7000,,
,,
6900,,
,,
15 Oct 2020,,
,,
,,
,,
99,,
,,
Alappuzha,,
,,
Alappuzha,,
,,
Onion,,
,,
Big,,
,,
FAQ,,
,,
1800,,
,,
1900,,
,,
1850,,
,,
10 Apr 2021,,
,,
,,
,,
100,,
,,
Alappuzha,,
,,
Alappuzha,,
,,
Onion,,
,,
Small,,
,,
FAQ,,
,,
4400,,
,,
4500,,
,,
4450,,
,,
10 Apr 2021,,
,,
,,
,,
101,,
,,
Alappuzha,,
,,
Alappuzha,,
,,
Onion,,
,,
Big,,
,,
FAQ,,
,,
5300,,
,,
5500,,
,,
5400,,
,,
09 Dec 2020,,
,,
,,
,,
102,,
,,
Alappuzha,,
,,
Alappuzha,,
,,
Onion,,
,,
Small,,
,,
FAQ,,
,,
5300,,
,,
5500,,
,,
5400,,
,,
04 Dec 2020,,
,,
,,
,,
103,,
,,
Alappuzha,,
,,
Alappuzha,,
,,
Onion,,
,,
Big,,
,,
FAQ,,
,,
2300,,
,,
2400,,
,,
2350,,
,,
30 Mar 2021,,
,,
,,
,,
104,,
,,
Alappuzha,,
,,
Alappuzha,,
,,
Onion,,
,,
Big,,
,,
FAQ,,
,,
4000,,
,,
4200,,
,,
4100,,
,,
14 Feb 2021,,
,,
,,
,,
105,,
,,
Alappuzha,,
,,
Alappuzha,,
,,
Onion,,
,,
Small,,
,,
FAQ,,
,,
4200,,
,,
4300,,
,,
4250,,
,,
28 Mar 2021,,
,,
,,
,,
106,,
,,
Alappuzha,,
,,
Alappuzha,,
,,
Onion,,
,,
Small,,
,,
FAQ,,
,,
4400,,
,,
4600,,
,,
4500,,
,,
21 May 2021,,
,,
,,
,,
107,,
,,
Alappuzha,,
,,
Alappuzha,,
,,
Onion,,
,,
Small,,
,,
FAQ,,
,,
4450,,
,,
4550,,
,,
4500,,
,,
19 May 2021,,
,,
,,
,,
108,,
,,
Alappuzha,,
,,
Alappuzha,,
,,
Onion,,
,,
Big,,
,,
FAQ,,
,,
2000,,
,,
2100,,
,,
2050,,
,,
14 May 2021,,
,,
,,
,,
109,,
,,
Alappuzha,,
,,
Alappuzha,,
,,
Onion,,
,,
Small,,
,,
FAQ,,
,,
9500,,
,,
9650,,
,,
9600,,
,,
15 Feb 2021,,
,,
,,
,,
110,,
,,
Alappuzha,,
,,
Alappuzha,,
,,
Onion,,
,,
Small,,
,,
FAQ,,
,,
5300,,
,,
5500,,
,,
5400,,
,,
12 Dec 2020,,
,,
,,
,,
111,,
,,
Alappuzha,,
,,
Alappuzha,,
,,
Onion,,
,,
Small,,
,,
FAQ,,
,,
3600,,
,,
3700,,
,,
3650,,
,,
04 Aug 2020,,
,,
,,
,,
112,,
,,
Alappuzha,,
,,
Alappuzha,,
,,
Onion,,
,,
Big,,
,,
FAQ,,
,,
4200,,
,,
4400,,
,,
4300,,
,,
11 Oct 2020,,
,,
,,
,,
113,,
,,
Alappuzha,,
,,
Alappuzha,,
,,
Onion,,
,,
Small,,
,,
FAQ,,
,,
4000,,
,,
4200,,
,,
4100,,
,,
02 Jan 2021,,
,,
,,
,,
114,,
,,
Alappuzha,,
,,
Alappuzha,,
,,
Onion,,
,,
Small,,
,,
FAQ,,
,,
4500,,
,,
4600,,
,,
4550,,
,,
23 May 2021,,
,,
,,
,,
115,,
,,
Alappuzha,,
,,
Alappuzha,,
,,
Onion,,
,,
Small,,
,,
FAQ,,
,,
4400,,
,,
4600,,
,,
4500,,
,,
07 May 2021,,
,,
,,
,,
116,,
,,
Alappuzha,,
,,
Alappuzha,,
,,
Onion,,
,,
Small,,
,,
FAQ,,
,,
4350,,
,,
4450,,
,,
4400,,
,,
26 Mar 2021,,
,,
,,
,,
117,,
,,
Alappuzha,,
,,
Alappuzha,,
,,
Onion,,
,,
Small,,
,,
FAQ,,
,,
5400,,
,,
5500,,
,,
5450,,
,,
25 Jan 2021,,
,,
,,
,,
118,,
,,
Alappuzha,,
,,
Alappuzha,,
,,
Onion,,
,,
Big,,
,,
FAQ,,
,,
2300,,
,,
2400,,
,,
2350,,
,,
23 Mar 2021,,
,,
,,
,,
119,,
,,
Alappuzha,,
,,
Alappuzha,,
,,
Onion,,
,,
Big,,
,,
FAQ,,
,,
4000,,
,,
4200,,
,,
4100,,
,,
08 Feb 2021,,
,,
,,
,,
120,,
,,
Alappuzha,,
,,
Alappuzha,,
,,
Onion,,
,,
Big,,
,,
FAQ,,
,,
3800,,
,,
3900,,
,,
3850,,
,,
25 Jan 2021,,
,,
,,
,,
121,,
,,
Alappuzha,,
,,
Alappuzha,,
,,
Onion,,
,,
Big,,
,,
FAQ,,
,,
3200,,
,,
3400,,
,,
3300,,
,,
12 Dec 2020,,
,,
,,
,,
122,,
,,
Alappuzha,,
,,
Alappuzha,,
,,
Onion,,
,,
Small,,
,,
FAQ,,
,,
5400,,
,,
5500,,
,,
5450,,
,,
19 Jan 2021,,
,,
,,
,,
123,,
,,
Alappuzha,,
,,
Alappuzha,,
,,
Onion,,
,,
Small,,
,,
FAQ,,
,,
7400,,
,,
7600,,
,,
7500,,
,,
31 Jan 2021,,
,,
,,
,,
124,,
,,
Alappuzha,,
,,
Alappuzha,,
,,
Onion,,
,,
Big,,
,,
FAQ,,
,,
2000,,
,,
2150,,
,,
2100,,
,,
28 May 2021,,
,,
,,
,,
125,,
,,
Alappuzha,,
,,
Alappuzha,,
,,
Onion,,
,,
Big,,
,,
FAQ,,
,,
3200,,
,,
3400,,
,,
3300,,
,,
16 Dec 2020,,
,,
,,
,,
126,,
,,
Alappuzha,,
,,
Alappuzha,,
,,
Onion,,
,,
Big,,
,,
FAQ,,
,,
5400,,
,,
5500,,
,,
5450,,
,,
23 Nov 2020,,
,,
,,
,,
127,,
,,
Alappuzha,,
,,
Alappuzha,,
,,
Onion,,
,,
Small,,
,,
FAQ,,
,,
4500,,
,,
4600,,
,,
4550,,
,,
16 May 2021,,
,,
,,
,,
128,,
,,
Alappuzha,,
,,
Alappuzha,,
,,
Onion,,
,,
Big,,
,,
FAQ,,
,,
5400,,
,,
5500,,
,,
5450,,
,,
30 Nov 2020,,
,,
,,
,,
129,,
,,
Alappuzha,,
,,
Alappuzha,,
,,
Onion,,
,,
Big,,
,,
FAQ,,
,,
2900,,
,,
3100,,
,,
3000,,
,,
06 Jan 2021,,
,,
,,
,,
130,,
,,
Alappuzha,,
,,
Alappuzha,,
,,
Onion,,
,,
Small,,
,,
FAQ,,
,,
3500,,
,,
3700,,
,,
3600,,
,,
10 Jul 2020,,
,,
,,
,,
131,,
,,
Alappuzha,,
,,
Alappuzha,,
,,
Onion,,
,,
Small,,
,,
FAQ,,
,,
5350,,
,,
5450,,
,,
5400,,
,,
26 Sep 2020,,
,,
,,
,,
132,,
,,
Alappuzha,,
,,
Alappuzha,,
,,
Onion,,
,,
Other,,
,,
FAQ,,
,,
3500,,
,,
3600,,
,,
3550,,
,,
18 Jun 2020,,
,,
,,
,,
133,,
,,
Alappuzha,,
,,
Alappuzha,,
,,
Onion,,
,,
Big,,
,,
FAQ,,
,,
2300,,
,,
2400,,
,,
2350,,
,,
13 Mar 2021,,
,,
,,
,,
134,,
,,
Alappuzha,,
,,
Alappuzha,,
,,
Onion,,
,,
Big,,
,,
FAQ,,
,,
2000,,
,,
2100,,
,,
2050,,
,,
16 May 2021,,
,,
,,
,,
135,,
,,
Alappuzha,,
,,
Alappuzha,,
,,
Onion,,
,,
Small,,
,,
FAQ,,
,,
5100,,
,,
5200,,
,,
5150,,
,,
13 Jun 2021,,
,,
,,
,,
136,,
,,
Alappuzha,,
,,
Alappuzha,,
,,
Onion,,
,,
Big,,
,,
FAQ,,
,,
5300,,
,,
5500,,
,,
5400,,
,,
03 Dec 2020,,
,,
,,
,,
137,,
,,
Alappuzha,,
,,
Alappuzha,,
,,
Onion,,
,,
Big,,
,,
FAQ,,
,,
2000,,
,,
2200,,
,,
2100,,
,,
24 May 2021,,
,,
,,
,,
138,,
,,
Alappuzha,,
,,
Alappuzha,,
,,
Onion,,
,,
Big,,
,,
FAQ,,
,,
4000,,
,,
4150,,
,,
4100,,
,,
10 Feb 2021,,
,,
,,
,,
139,,
,,
Alappuzha,,
,,
Alappuzha,,
,,
Onion,,
,,
Small,,
,,
FAQ,,
,,
5400,,
,,
5600,,
,,
5500,,
,,
10 Oct 2020,,
,,
,,
,,
140,,
,,
Alappuzha,,
,,
Alappuzha,,
,,
Onion,,
,,
Big,,
,,
FAQ,,
,,
4000,,
,,
4200,,
,,
4100,,
,,
11 Feb 2021,,
,,
,,
,,
141,,
,,
Alappuzha,,
,,
Alappuzha,,
,,
Onion,,
,,
Big,,
,,
FAQ,,
,,
1900,,
,,
2100,,
,,
2000,,
,,
30 May 2021,,
,,
,,
,,
142,,
,,
Alappuzha,,
,,
Alappuzha,,
,,
Onion,,
,,
Big,,
,,
FAQ,,
,,
7000,,
,,
7200,,
,,
7100,,
,,
08 Nov 2020,,
,,
,,
,,
143,,
,,
Alappuzha,,
,,
Alappuzha,,
,,
Onion,,
,,
Small,,
,,
FAQ,,
,,
8500,,
,,
8700,,
,,
8600,,
,,
31 Oct 2020,,
,,
,,
,,
144,,
,,
Alappuzha,,
,,
Alappuzha,,
,,
Onion,,
,,
Big,,
,,
FAQ,,
,,
4100,,
,,
4200,,
,,
4150,,
,,
28 Sep 2020,,
,,
,,
,,
145,,
,,
Alappuzha,,
,,
Alappuzha,,
,,
Onion,,
,,
Big,,
,,
FAQ,,
,,
3800,,
,,
4000,,
,,
3900,,
,,
09 Mar 2021,,
,,
,,
,,
146,,
,,
Alappuzha,,
,,
Alappuzha,,
,,
Onion,,
,,
Big,,
,,
FAQ,,
,,
4000,,
,,
4200,,
,,
4100,,
,,
09 Feb 2021,,
,,
,,
,,
147,,
,,
Alappuzha,,
,,
Alappuzha,,
,,
Onion,,
,,
Small,,
,,
FAQ,,
,,
5400,,
,,
5600,,
,,
5500,,
,,
26 Nov 2020,,
,,
,,
,,
148,,
,,
Alappuzha,,
,,
Alappuzha,,
,,
Onion,,
,,
Small,,
,,
FAQ,,
,,
6500,,
,,
6700,,
,,
6600,,
,,
13 Oct 2020,,
,,
,,
,,
149,,
,,
Alappuzha,,
,,
Alappuzha,,
,,
Onion,,
,,
Small,,
,,
FAQ,,
,,
5400,,
,,
5500,,
,,
5450,,
,,
20 Jan 2021,,
,,
,,
,,
150,,
,,
Alappuzha,,
,,
Alappuzha,,
,,
Onion,,
,,
Big,,
,,
FAQ,,
,,
4000,,
,,
4200,,
,,
4100,,
,,
30 Jan 2021,,
,,
,,
,,
151,,
,,
Alappuzha,,
,,
Alappuzha,,
,,
Onion,,
,,
Big,,
,,
FAQ,,
,,
3100,,
,,
3250,,
,,
3200,,
,,
10 Dec 2020,,
,,
,,
,,
152,,
,,
Alappuzha,,
,,
Alappuzha,,
,,
Onion,,
,,
Small,,
,,
FAQ,,
,,
4400,,
,,
4500,,
,,
4450,,
,,
13 Apr 2021,,
,,
,,
,,
153,,
,,
Alappuzha,,
,,
Alappuzha,,
,,
Onion,,
,,
Small,,
,,
FAQ,,
,,
7500,,
,,
7600,,
,,
7550,,
,,
09 Feb 2021,,
,,
,,
,,
154,,
,,
Alappuzha,,
,,
Alappuzha,,
,,
Onion,,
,,
Small,,
,,
FAQ,,
,,
5400,,
,,
5500,,
,,
5450,,
,,
15 Jan 2021,,
,,
,,
,,
155,,
,,
Alappuzha,,
,,
Alappuzha,,
,,
Onion,,
,,
Big,,
,,
FAQ,,
,,
1800,,
,,
1900,,
,,
1850,,
,,
13 Apr 2021,,
,,
,,
,,
156,,
,,
Alappuzha,,
,,
Alappuzha,,
,,
Onion,,
,,
Small,,
,,
FAQ,,
,,
4500,,
,,
4600,,
,,
4550,,
,,
22 May 2021,,
,,
,,
,,
157,,
,,
Alappuzha,,
,,
Alappuzha,,
,,
Onion,,
,,
Small,,
,,
FAQ,,
,,
5400,,
,,
5500,,
,,
5450,,
,,
24 Jan 2021,,
,,
,,
,,
158,,
,,
Alappuzha,,
,,
Alappuzha,,
,,
Onion,,
,,
Big,,
,,
FAQ,,
,,
2300,,
,,
2450,,
,,
2400,,
,,
28 Mar 2021,,
,,
,,
,,
159,,
,,
Alappuzha,,
,,
Alappuzha,,
,,
Onion,,
,,
Small,,
,,
FAQ,,
,,
3800,,
,,
4000,,
,,
3900,,
,,
28 Dec 2020,,
,,
,,
,,
160,,
,,
Alappuzha,,
,,
Alappuzha,,
,,
Onion,,
,,
Big,,
,,
FAQ,,
,,
1800,,
,,
1900,,
,,
1850,,
,,
09 Apr 2021,,
,,
,,
,,
161,,
,,
Alappuzha,,
,,
Alappuzha,,
,,
Onion,,
,,
Small,,
,,
FAQ,,
,,
5400,,
,,
5600,,
,,
5500,,
,,
09 Oct 2020,,
,,
,,
,,
162,,
,,
Alappuzha,,
,,
Alappuzha,,
,,
Onion,,
,,
Small,,
,,
FAQ,,
,,
3500,,
,,
3650,,
,,
3600,,
,,
01 Aug 2020,,
,,
,,
,,
163,,
,,
Alappuzha,,
,,
Alappuzha,,
,,
Onion,,
,,
Small,,
,,
FAQ,,
,,
4500,,
,,
4700,,
,,
4600,,
,,
04 May 2021,,
,,
,,
,,
164,,
,,
Alappuzha,,
,,
Alappuzha,,
,,
Onion,,
,,
Small,,
,,
FAQ,,
,,
8400,,
,,
8500,,
,,
8450,,
,,
23 Nov 2020,,
,,
,,
,,
165,,
,,
Alappuzha,,
,,
Alappuzha,,
,,
Onion,,
,,
Big,,
,,
FAQ,,
,,
4200,,
,,
4400,,
,,
4300,,
,,
10 Oct 2020,,
,,
,,
,,
166,,
,,
Alappuzha,,
,,
Alappuzha,,
,,
Onion,,
,,
Big,,
,,
FAQ,,
,,
5400,,
,,
5600,,
,,
5500,,
,,
26 Nov 2020,,
,,
,,
,,
167,,
,,
Alappuzha,,
,,
Alappuzha,,
,,
Onion,,
,,
Small,,
,,
FAQ,,
,,
3500,,
,,
3650,,
,,
3600,,
,,
16 Jun 2020,,
,,
,,
,,
168,,
,,
Alappuzha,,
,,
Alappuzha,,
,,
Onion,,
,,
Small,,
,,
FAQ,,
,,
5400,,
,,
5500,,
,,
5450,,
,,
26 Jan 2021,,
,,
,,
,,
169,,
,,
Alappuzha,,
,,
Alappuzha,,
,,
Onion,,
,,
Small,,
,,
FAQ,,
,,
9400,,
,,
9600,,
,,
9500,,
,,
16 Feb 2021,,
,,
,,
,,
170,,
,,
Alappuzha,,
,,
Alappuzha,,
,,
Onion,,
,,
Small,,
,,
FAQ,,
,,
4000,,
,,
4200,,
,,
4100,,
,,
31 Dec 2020,,
,,
,,
,,
171,,
,,
Alappuzha,,
,,
Alappuzha,,
,,
Onion,,
,,
Big,,
,,
FAQ,,
,,
5400,,
,,
5500,,
,,
5450,,
,,
07 Dec 2020,,
,,
,,
,,
172,,
,,
Alappuzha,,
,,
Alappuzha,,
,,
Onion,,
,,
Big,,
,,
FAQ,,
,,
4100,,
,,
4200,,
,,
4150,,
,,
24 Sep 2020,,
,,
,,
,,
173,,
,,
Alappuzha,,
,,
Alappuzha,,
,,
Onion,,
,,
Big,,
,,
FAQ,,
,,
5400,,
,,
5500,,
,,
5450,,
,,
27 Nov 2020,,
,,
,,
,,
174,,
,,
Alappuzha,,
,,
Alappuzha,,
,,
Onion,,
,,
Big,,
,,
FAQ,,
,,
2900,,
,,
3100,,
,,
3000,,
,,
01 Jan 2021,,
,,
,,
,,
175,,
,,
Alappuzha,,
,,
Alappuzha,,
,,
Onion,,
,,
Small,,
,,
FAQ,,
,,
4400,,
,,
4500,,
,,
4450,,
,,
19 Apr 2021,,
,,
,,
,,
176,,
,,
Alappuzha,,
,,
Alappuzha,,
,,
Onion,,
,,
Big,,
,,
FAQ,,
,,
2000,,
,,
2100,,
,,
2050,,
,,
18 May 2021,,
,,
,,
,,
177,,
,,
Alappuzha,,
,,
Alappuzha,,
,,
Onion,,
,,
Small,,
,,
FAQ,,
,,
5400,,
,,
5500,,
,,
5450,,
,,
07 Oct 2020,,
,,
,,
,,
178,,
,,
Alappuzha,,
,,
Alappuzha,,
,,
Onion,,
,,
Big,,
,,
FAQ,,
,,
1400,,
,,
1500,,
,,
1450,,
,,
02 Aug 2020,,
,,
,,
,,
179,,
,,
Alappuzha,,
,,
Alappuzha,,
,,
Onion,,
,,
Big,,
,,
FAQ,,
,,
2900,,
,,
3100,,
,,
3000,,
,,
30 Dec 2020,,
,,
,,
,,
180,,
,,
Alappuzha,,
,,
Alappuzha,,
,,
Onion,,
,,
Big,,
,,
FAQ,,
,,
2300,,
,,
2400,,
,,
2350,,
,,
10 Mar 2021,,
,,
,,
,,
181,,
,,
Alappuzha,,
,,
Alappuzha,,
,,
Onion,,
,,
Big,,
,,
FAQ,,
,,
2300,,
,,
2400,,
,,
2350,,
,,
21 Mar 2021,,
,,
,,
,,
182,,
,,
Alappuzha,,
,,
Alappuzha,,
,,
Onion,,
,,
Big,,
,,
FAQ,,
,,
2000,,
,,
2100,,
,,
2050,,
,,
19 May 2021,,
,,
,,
,,
183,,
,,
Alappuzha,,
,,
Alappuzha,,
,,
Onion,,
,,
Small,,
,,
FAQ,,
,,
4300,,
,,
4400,,
,,
4350,,
,,
25 Mar 2021,,
,,
,,
,,
184,,
,,
Alappuzha,,
,,
Alappuzha,,
,,
Onion,,
,,
Small,,
,,
FAQ,,
,,
4400,,
,,
4600,,
,,
4500,,
,,
15 Mar 2021,,
,,
,,
,,
185,,
,,
Alappuzha,,
,,
Alappuzha,,
,,
Onion,,
,,
Big,,
,,
FAQ,,
,,
1400,,
,,
1500,,
,,
1450,,
,,
05 Aug 2020,,
,,
,,
,,
186,,
,,
Alappuzha,,
,,
Alappuzha,,
,,
Onion,,
,,
Small,,
,,
FAQ,,
,,
5400,,
,,
5600,,
,,
5500,,
,,
16 Dec 2020,,
,,
,,
,,
187,,
,,
Alappuzha,,
,,
Alappuzha,,
,,
Onion,,
,,
Big,,
,,
FAQ,,
,,
6400,,
,,
6500,,
,,
6450,,
,,
16 Nov 2020,,
,,
,,
,,
188,,
,,
Alappuzha,,
,,
Alappuzha,,
,,
Onion,,
,,
Small,,
,,
FAQ,,
,,
8400,,
,,
8500,,
,,
8450,,
,,
16 Nov 2020,,
,,
,,
,,
189,,
,,
Alappuzha,,
,,
Alappuzha,,
,,
Onion,,
,,
Big,,
,,
FAQ,,
,,
5300,,
,,
5500,,
,,
5400,,
,,
02 Dec 2020,,
,,
,,
,,
190,,
,,
Alappuzha,,
,,
Alappuzha,,
,,
Onion,,
,,
Big,,
,,
FAQ,,
,,
5300,,
,,
5500,,
,,
5400,,
,,
05 Dec 2020,,
,,
,,
,,
191,,
,,
Alappuzha,,
,,
Alappuzha,,
,,
Onion,,
,,
Big,,
,,
FAQ,,
,,
6500,,
,,
6700,,
,,
6600,,
,,
13 Nov 2020,,
,,
,,
,,
192,,
,,
Alappuzha,,
,,
Alappuzha,,
,,
Onion,,
,,
Small,,
,,
FAQ,,
,,
8400,,
,,
8550,,
,,
8500,,
,,
15 Nov 2020,,
,,
,,
,,
193,,
,,
Alappuzha,,
,,
Alappuzha,,
,,
Onion,,
,,
Small,,
,,
FAQ,,
,,
7500,,
,,
7600,,
,,
7550,,
,,
04 Feb 2021,,
,,
,,
,,
194,,
,,
Alappuzha,,
,,
Alappuzha,,
,,
Onion,,
,,
Big,,
,,
FAQ,,
,,
3800,,
,,
3900,,
,,
3850,,
,,
28 Jan 2021,,
,,
,,
,,
195,,
,,
Alappuzha,,
,,
Alappuzha,,
,,
Onion,,
,,
Big,,
,,
FAQ,,
,,
4000,,
,,
4200,,
,,
4100,,
,,
06 Feb 2021,,
,,
,,
,,
196,,
,,
Alappuzha,,
,,
Alappuzha,,
,,
Onion,,
,,
Big,,
,,
FAQ,,
,,
5000,,
,,
5200,,
,,
5100,,
,,
18 Feb 2021,,
,,
,,
,,
197,,
,,
Alappuzha,,
,,
Alappuzha,,
,,
Onion,,
,,
Small,,
,,
FAQ,,
,,
8500,,
,,
8700,,
,,
8600,,
,,
07 Nov 2020,,
,,
,,
,,
198,,
,,
Alappuzha,,
,,
Alappuzha,,
,,
Onion,,
,,
Big,,
,,
FAQ,,
,,
1400,,
,,
1550,,
,,
1500,,
,,
24 Jun 2020,,
,,
,,
,,
199,,
,,
Alappuzha,,
,,
Alappuzha,,
,,
Onion,,
,,
Small,,
,,
FAQ,,
,,
4400,,
,,
4500,,
,,
4450,,
,,
09 Apr 2021,,
,,
,,
,,
200,,
,,
Alappuzha,,
,,
Alappuzha,,
,,
Onion,,
,,
Small,,
,,
FAQ,,
,,
5400,,
,,
5500,,
,,
5450,,
,,
01 Oct 2020,,
,,
,,
,,
201,,
,,
Alappuzha,,
,,
Alappuzha,,
,,
Onion,,
,,
Small,,
,,
FAQ,,
,,
4300,,
,,
4500,,
,,
4400,,
,,
14 Mar 2021,,
,,
,,
,,
202,,
,,
Alappuzha,,
,,
Alappuzha,,
,,
Onion,,
,,
Big,,
,,
FAQ,,
,,
4200,,
,,
4400,,
,,
4300,,
,,
01 Oct 2020,,
,,
,,
,,
203,,
,,
Alappuzha,,
,,
Alappuzha,,
,,
Onion,,
,,
Small,,
,,
FAQ,,
,,
4400,,
,,
4500,,
,,
4450,,
,,
21 Mar 2021,,
,,
,,
,,
204,,
,,
Alappuzha,,
,,
Alappuzha,,
,,
Onion,,
,,
Big,,
,,
FAQ,,
,,
2900,,
,,
3100,,
,,
3000,,
,,
27 Dec 2020,,
,,
,,
,,
205,,
,,
Alappuzha,,
,,
Alappuzha,,
,,
Onion,,
,,
Small,,
,,
FAQ,,
,,
4400,,
,,
4500,,
,,
4450,,
,,
10 Mar 2021,,
,,
,,
,,
206,,
,,
Alappuzha,,
,,
Alappuzha,,
,,
Onion,,
,,
Small,,
,,
FAQ,,
,,
5300,,
,,
5500,,
,,
5400,,
,,
05 Dec 2020,,
,,
,,
,,
207,,
,,
Alappuzha,,
,,
Alappuzha,,
,,
Onion,,
,,
Big,,
,,
FAQ,,
,,
6500,,
,,
6700,,
,,
6600,,
,,
12 Nov 2020,,
,,
,,
,,
208,,
,,
Alappuzha,,
,,
Alappuzha,,
,,
Onion,,
,,
Small,,
,,
FAQ,,
,,
4400,,
,,
4600,,
,,
4500,,
,,
13 Mar 2021,,
,,
,,
,,
209,,
,,
Alappuzha,,
,,
Alappuzha,,
,,
Onion,,
,,
Big,,
,,
FAQ,,
,,
4200,,
,,
4300,,
,,
4250,,
,,
07 Oct 2020,,
,,
,,
,,
210,,
,,
Alappuzha,,
,,
Alappuzha,,
,,
Onion,,
,,
Big,,
,,
FAQ,,
,,
1800,,
,,
1900,,
,,
1850,,
,,
11 Apr 2021,,
,,
,,
,,
211,,
,,
Alappuzha,,
,,
Alappuzha,,
,,
Onion,,
,,
Big,,
,,
FAQ,,
,,
1800,,
,,
1900,,
,,
1850,,
,,
12 Apr 2021,,
,,
,,
,,
212,,
,,
Alappuzha,,
,,
Alappuzha,,
,,
Onion,,
,,
Big,,
,,
FAQ,,
,,
3800,,
,,
3950,,
,,
3900,,
,,
24 Jan 2021,,
,,
,,
,,
213,,
,,
Alappuzha,,
,,
Alappuzha,,
,,
Onion,,
,,
Big,,
,,
FAQ,,
,,
3200,,
,,
3400,,
,,
3300,,
,,
15 Dec 2020,,
,,
,,
,,
214,,
,,
Alappuzha,,
,,
Alappuzha,,
,,
Onion,,
,,
Small,,
,,
FAQ,,
,,
4000,,
,,
4200,,
,,
4100,,
,,
04 Jan 2021,,
,,
,,
,,
215,,
,,
Alappuzha,,
,,
Alappuzha,,
,,
Onion,,
,,
Big,,
,,
FAQ,,
,,
4800,,
,,
4950,,
,,
4900,,
,,
12 Oct 2020,,
,,
,,
,,
216,,
,,
Alappuzha,,
,,
Alappuzha,,
,,
Onion,,
,,
Small,,
,,
FAQ,,
,,
5400,,
,,
5500,,
,,
5450,,
,,
29 Sep 2020,,
,,
,,
,,
217,,
,,
Alappuzha,,
,,
Alappuzha,,
,,
Onion,,
,,
Big,,
,,
FAQ,,
,,
5400,,
,,
5500,,
,,
5450,,
,,
29 Nov 2020,,
,,
,,
,,
218,,
,,
Alappuzha,,
,,
Alappuzha,,
,,
Onion,,
,,
Small,,
,,
FAQ,,
,,
6500,,
,,
6700,,
,,
6600,,
,,
12 Oct 2020,,
,,
,,
,,
219,,
,,
Alappuzha,,
,,
Alappuzha,,
,,
Onion,,
,,
Small,,
,,
FAQ,,
,,
8400,,
,,
8600,,
,,
8500,,
,,
08 Nov 2020,,
,,
,,
,,
220,,
,,
Alappuzha,,
,,
Alappuzha,,
,,
Onion,,
,,
Small,,
,,
FAQ,,
,,
5400,,
,,
5500,,
,,
5450,,
,,
11 Jan 2021,,
,,
,,
,,
221,,
,,
Alappuzha,,
,,
Alappuzha,,
,,
Onion,,
,,
Small,,
,,
FAQ,,
,,
4400,,
,,
4600,,
,,
4500,,
,,
05 May 2021,,
,,
,,
,,
222,,
,,
Alappuzha,,
,,
Alappuzha,,
,,
Onion,,
,,
Small,,
,,
FAQ,,
,,
4500,,
,,
4600,,
,,
4550,,
,,
18 May 2021,,
,,
,,
,,
223,,
,,
Alappuzha,,
,,
Alappuzha,,
,,
Onion,,
,,
Small,,
,,
FAQ,,
,,
5400,,
,,
5500,,
,,
5450,,
,,
27 Jan 2021,,
,,
,,
,,
224,,
,,
Alappuzha,,
,,
Alappuzha,,
,,
Onion,,
,,
Big,,
,,
FAQ,,
,,
4000,,
,,
4100,,
,,
4050,,
,,
13 Feb 2021,,
,,
,,
,,
225,,
,,
Alappuzha,,
,,
Alappuzha,,
,,
Onion,,
,,
Big,,
,,
FAQ,,
,,
1800,,
,,
1900,,
,,
1850,,
,,
23 Apr 2021,,
,,
,,
,,
226,,
,,
Alappuzha,,
,,
Alappuzha,,
,,
Onion,,
,,
Small,,
,,
FAQ,,
,,
8400,,
,,
8600,,
,,
8500,,
,,
17 Nov 2020,,
,,
,,
,,
227,,
,,
Alappuzha,,
,,
Alappuzha,,
,,
Onion,,
,,
Small,,
,,
FAQ,,
,,
8200,,
,,
8400,,
,,
8300,,
,,
24 Nov 2020,,
,,
,,
,,
228,,
,,
Alappuzha,,
,,
Alappuzha,,
,,
Onion,,
,,
Big,,
,,
FAQ,,
,,
2000,,
,,
2100,,
,,
2050,,
,,
20 May 2021,,
,,
,,
,,
229,,
,,
Alappuzha,,
,,
Alappuzha,,
,,
Onion,,
,,
Small,,
,,
FAQ,,
,,
7500,,
,,
7600,,
,,
7550,,
,,
13 Feb 2021,,
,,
,,
,,
230,,
,,
Alappuzha,,
,,
Alappuzha,,
,,
Onion,,
,,
Small,,
,,
FAQ,,
,,
5400,,
,,
5500,,
,,
5450,,
,,
05 Oct 2020,,
,,
,,
,,
231,,
,,
Alappuzha,,
,,
Alappuzha,,
,,
Onion,,
,,
Big,,
,,
FAQ,,
,,
2300,,
,,
2400,,
,,
2350,,
,,
17 Mar 2021,,
,,
,,
,,
232,,
,,
Alappuzha,,
,,
Alappuzha,,
,,
Onion,,
,,
Big,,
,,
FAQ,,
,,
3300,,
,,
3500,,
,,
3400,,
,,
14 Dec 2020,,
,,
,,
,,
233,,
,,
Alappuzha,,
,,
Alappuzha,,
,,
Onion,,
,,
Big,,
,,
FAQ,,
,,
1400,,
,,
1500,,
,,
1450,,
,,
18 Jun 2020,,
,,
,,
,,
234,,
,,
Alappuzha,,
,,
Alappuzha,,
,,
Onion,,
,,
Small,,
,,
FAQ,,
,,
4200,,
,,
4300,,
,,
4250,,
,,
30 Mar 2021,,
,,
,,
,,
235,,
,,
Alappuzha,,
,,
Alappuzha,,
,,
Onion,,
,,
Big,,
,,
FAQ,,
,,
3800,,
,,
4000,,
,,
3900,,
,,
20 Jan 2021,,
,,
,,
,,
236,,
,,
Alappuzha,,
,,
Alappuzha,,
,,
Onion,,
,,
Big,,
,,
FAQ,,
,,
2900,,
,,
3100,,
,,
3000,,
,,
03 Jan 2021,,
,,
,,
,,
237,,
,,
Alappuzha,,
,,
Alappuzha,,
,,
Onion,,
,,
Small,,
,,
FAQ,,
,,
4500,,
,,
4600,,
,,
4550,,
,,
17 May 2021,,
,,
,,
,,
238,,
,,
Alappuzha,,
,,
Alappuzha,,
,,
Onion,,
,,
Small,,
,,
FAQ,,
,,
5200,,
,,
5400,,
,,
5300,,
,,
08 Jun 2021,,
,,
,,
,,
239,,
,,
Alappuzha,,
,,
Alappuzha,,
,,
Onion,,
,,
Small,,
,,
FAQ,,
,,
8500,,
,,
8700,,
,,
8600,,
,,
13 Nov 2020,,
,,
,,
,,
240,,
,,
Alappuzha,,
,,
Alappuzha,,
,,
Onion,,
,,
Small,,
,,
FAQ,,
,,
6500,,
,,
6700,,
,,
6600,,
,,
14 Oct 2020,,
,,
,,
,,
241,,
,,
Alappuzha,,
,,
Alappuzha,,
,,
Onion,,
,,
Big,,
,,
FAQ,,
,,
2500,,
,,
2700,,
,,
2600,,
,,
05 Jun 2021,,
,,
,,
,,
242,,
,,
Alappuzha,,
,,
Alappuzha,,
,,
Onion,,
,,
Big,,
,,
FAQ,,
,,
1400,,
,,
1500,,
,,
1450,,
,,
23 Jun 2020,,
,,
,,
,,
243,,
,,
Alappuzha,,
,,
Alappuzha,,
,,
Onion,,
,,
Small,,
,,
FAQ,,
,,
4400,,
,,
4500,,
,,
4400,,
,,
23 Apr 2021,,
,,
,,
,,
244,,
,,
Alappuzha,,
,,
Alappuzha,,
,,
Onion,,
,,
Small,,
,,
FAQ,,
,,
5000,,
,,
5100,,
,,
5050,,
,,
14 Jun 2021,,
,,
,,
,,
245,,
,,
Alappuzha,,
,,
Alappuzha,,
,,
Onion,,
,,
Big,,
,,
FAQ,,
,,
2400,,
,,
2600,,
,,
2500,,
,,
13 Jun 2021,,
,,
,,
,,
246,,
,,
Alappuzha,,
,,
Alappuzha,,
,,
Onion,,
,,
Small,,
,,
FAQ,,
,,
5500,,
,,
5600,,
,,
5550,,
,,
17 Dec 2020,,
,,
,,
,,
247,,
,,
Alappuzha,,
,,
Alappuzha,,
,,
Onion,,
,,
Small,,
,,
FAQ,,
,,
5400,,
,,
5500,,
,,
5450,,
,,
27 Sep 2020,,
,,
,,
,,
248,,
,,
Alappuzha,,
,,
Alappuzha,,
,,
Onion,,
,,
Small,,
,,
FAQ,,
,,
4000,,
,,
4200,,
,,
4100,,
,,
06 Jan 2021,,
,,
,,
,,
249,,
,,
Alappuzha,,
,,
Alappuzha,,
,,
Onion,,
,,
Big,,
,,
FAQ,,
,,
2900,,
,,
3000,,
,,
2950,,
,,
28 Dec 2020,,
,,
,,
,,
250,,
,,
Alappuzha,,
,,
Alappuzha,,
,,
Onion,,
,,
Small,,
,,
FAQ,,
,,
5350,,
,,
5450,,
,,
5400,,
,,
28 Sep 2020,,
,,
,,
,,
251,,
,,
Alappuzha,,
,,
Alappuzha,,
,,
Onion,,
,,
Big,,
,,
FAQ,,
,,
5000,,
,,
5100,,
,,
5050,,
,,
17 Feb 2021,,
,,
,,
,,
252,,
,,
Alappuzha,,
,,
Alappuzha,,
,,
Onion,,
,,
Small,,
,,
FAQ,,
,,
8000,,
,,
8200,,
,,
8100,,
,,
09 Mar 2021,,
,,
,,
,,
253,,
,,
Alappuzha,,
,,
Alappuzha,,
,,
Onion,,
,,
Big,,
,,
FAQ,,
,,
6500,,
,,
6650,,
,,
6600,,
,,
15 Nov 2020,,
,,
,,
,,
254,,
,,
Alappuzha,,
,,
Alappuzha,,
,,
Onion,,
,,
Small,,
,,
FAQ,,
,,
4400,,
,,
4550,,
,,
4500,,
,,
24 Mar 2021,,
,,
,,
,,
255,,
,,
Alappuzha,,
,,
Alappuzha,,
,,
Onion,,
,,
Small,,
,,
FAQ,,
,,
4000,,
,,
4200,,
,,
4100,,
,,
07 Jan 2021,,
,,
,,
,,
256,,
,,
Alappuzha,,
,,
Alappuzha,,
,,
Onion,,
,,
Small,,
,,
FAQ,,
,,
5400,,
,,
5500,,
,,
5450,,
,,
03 Oct 2020,,
,,
,,
,,
257,,
,,
Alappuzha,,
,,
Alappuzha,,
,,
Onion,,
,,
Big,,
,,
FAQ,,
,,
2400,,
,,
2500,,
,,
2450,,
,,
07 May 2021,,
,,
,,
,,
258,,
,,
Alappuzha,,
,,
Alappuzha,,
,,
Onion,,
,,
Big,,
,,
FAQ,,
,,
2900,,
,,
3100,,
,,
3000,,
,,
07 Jan 2021,,
,,
,,
,,
259,,
,,
Alappuzha,,
,,
Alappuzha,,
,,
Onion,,
,,
Big,,
,,
FAQ,,
,,
6500,,
,,
6600,,
,,
6550,,
,,
17 Nov 2020,,
,,
,,
,,
260,,
,,
Alappuzha,,
,,
Alappuzha,,
,,
Onion,,
,,
Big,,
,,
FAQ,,
,,
4000,,
,,
4100,,
,,
4050,,
,,
04 Feb 2021,,
,,
,,
,,
261,,
,,
Alappuzha,,
,,
Alappuzha,,
,,
Onion,,
,,
Small,,
,,
FAQ,,
,,
5300,,
,,
5500,,
,,
5400,,
,,
11 Dec 2020,,
,,
,,
,,
262,,
,,
Alappuzha,,
,,
Alappuzha,,
,,
Onion,,
,,
Small,,
,,
FAQ,,
,,
4500,,
,,
4650,,
,,
4600,,
,,
29 May 2021,,
,,
,,
,,
263,,
,,
Alappuzha,,
,,
Alappuzha,,
,,
Onion,,
,,
Big,,
,,
FAQ,,
,,
2500,,
,,
2700,,
,,
2600,,
,,
07 Jun 2021,,
,,
,,
,,
264,,
,,
Alappuzha,,
,,
Alappuzha,,
,,
Onion,,
,,
Big,,
,,
FAQ,,
,,
2300,,
,,
2400,,
,,
2350,,
,,
31 Mar 2021,,
,,
,,
,,
265,,
,,
Alappuzha,,
,,
Alappuzha,,
,,
Onion,,
,,
Big,,
,,
FAQ,,
,,
5300,,
,,
5500,,
,,
5400,,
,,
01 Dec 2020,,
,,
,,
,,
266,,
,,
Alappuzha,,
,,
Alappuzha,,
,,
Onion,,
,,
Small,,
,,
FAQ,,
,,
8400,,
,,
8550,,
,,
8500,,
,,
09 Nov 2020,,
,,
,,
,,
267,,
,,
Alappuzha,,
,,
Alappuzha,,
,,
Onion,,
,,
Big,,
,,
FAQ,,
,,
2900,,
,,
3100,,
,,
3000,,
,,
31 Dec 2020,,
,,
,,
,,
268,,
,,
Alappuzha,,
,,
Alappuzha,,
,,
Onion,,
,,
Small,,
,,
FAQ,,
,,
4400,,
,,
4500,,
,,
4450,,
,,
19 Mar 2021,,
,,
,,
,,
269,,
,,
Alappuzha,,
,,
Alappuzha,,
,,
Onion,,
,,
Small,,
,,
FAQ,,
,,
4400,,
,,
4500,,
,,
4450,,
,,
31 Mar 2021,,
,,
,,
,,
270,,
,,
Alappuzha,,
,,
Alappuzha,,
,,
Onion,,
,,
Small,,
,,
FAQ,,
,,
5300,,
,,
5500,,
,,
5400,,
,,
01 Dec 2020,,
,,
,,
,,
271,,
,,
Alappuzha,,
,,
Alappuzha,,
,,
Onion,,
,,
Small,,
,,
FAQ,,
,,
3500,,
,,
3600,,
,,
3550,,
,,
05 Aug 2020,,
,,
,,
,,
272,,
,,
Alappuzha,,
,,
Alappuzha,,
,,
Onion,,
,,
Big,,
,,
FAQ,,
,,
5300,,
,,
5500,,
,,
5400,,
,,
25 Nov 2020,,
,,
,,
,,
273,,
,,
Alappuzha,,
,,
Alappuzha,,
,,
Onion,,
,,
Big,,
,,
FAQ,,
,,
2900,,
,,
3000,,
,,
2950,,
,,
29 Dec 2020,,
,,
,,
,,
274,,
,,
Alappuzha,,
,,
Alappuzha,,
,,
Onion,,
,,
Small,,
,,
FAQ,,
,,
4000,,
,,
4200,,
,,
4100,,
,,
01 Jan 2021,,
,,
,,
,,
275,,
,,
Alappuzha,,
,,
Alappuzha,,
,,
Onion,,
,,
Big,,
,,
FAQ,,
,,
2900,,
,,
3100,,
,,
3000,,
,,
02 Jan 2021,,
,,
,,
,,
276,,
,,
Alappuzha,,
,,
Alappuzha,,
,,
Onion,,
,,
Small,,
,,
FAQ,,
,,
4400,,
,,
4600,,
,,
4500,,
,,
17 Mar 2021,,
,,
,,
,,
277,,
,,
Alappuzha,,
,,
Alappuzha,,
,,
Onion,,
,,
Big,,
,,
FAQ,,
,,
2000,,
,,
2200,,
,,
2100,,
,,
21 May 2021,,
,,
,,
,,
278,,
,,
Alappuzha,,
,,
Alappuzha,,
,,
Onion,,
,,
Small,,
,,
FAQ,,
,,
8400,,
,,
8500,,
,,
8450,,
,,
18 Nov 2020,,
,,
,,
,,
279,,
,,
Alappuzha,,
,,
Alappuzha,,
,,
Onion,,
,,
Big,,
,,
FAQ,,
,,
4800,,
,,
5000,,
,,
4900,,
,,
16 Oct 2020,,
,,
,,
,,
280,,
,,
Alappuzha,,
,,
Alappuzha,,
,,
Onion,,
,,
Big,,
,,
FAQ,,
,,
4200,,
,,
4350,,
,,
4300,,
,,
05 Oct 2020,,
,,
,,
,,
281,,
,,
Alappuzha,,
,,
Alappuzha,,
,,
Onion,,
,,
Big,,
,,
FAQ,,
,,
2300,,
,,
2400,,
,,
2350,,
,,
26 Mar 2021,,
,,
,,
,,
282,,
,,
Alappuzha,,
,,
Alappuzha,,
,,
Onion,,
,,
Small,,
,,
FAQ,,
,,
4500,,
,,
4700,,
,,
4600,,
,,
15 May 2021,,
,,
,,
,,
283,,
,,
Alappuzha,,
,,
Alappuzha,,
,,
Onion,,
,,
Big,,
,,
FAQ,,
,,
2300,,
,,
2400,,
,,
2350,,
,,
27 Mar 2021,,
,,
,,
,,
284,,
,,
Alappuzha,,
,,
Alappuzha,,
,,
Onion,,
,,
Small,,
,,
FAQ,,
,,
5300,,
,,
5500,,
,,
5400,,
,,
17 Jan 2021,,
,,
,,
,,
285,,
,,
Alappuzha,,
,,
Alappuzha,,
,,
Onion,,
,,
Big,,
,,
FAQ,,
,,
4200,,
,,
4400,,
,,
4300,,
,,
09 Oct 2020,,
,,
,,
,,
286,,
,,
Alappuzha,,
,,
Alappuzha,,
,,
Onion,,
,,
Big,,
,,
FAQ,,
,,
4150,,
,,
4250,,
,,
4200,,
,,
29 Sep 2020,,
,,
,,
,,
287,,
,,
Alappuzha,,
,,
Alappuzha,,
,,
Onion,,
,,
Small,,
,,
FAQ,,
,,
5100,,
,,
5300,,
,,
5200,,
,,
09 Dec 2020,,
,,
,,
,,
288,,
,,
Alappuzha,,
,,
Alappuzha,,
,,
Onion,,
,,
Small,,
,,
FAQ,,
,,
5400,,
,,
5500,,
,,
5450,,
,,
30 Sep 2020,,
,,
,,
,,
289,,
,,
Alappuzha,,
,,
Alappuzha,,
,,
Onion,,
,,
Big,,
,,
FAQ,,
,,
2300,,
,,
2400,,
,,
2350,,
,,
15 Mar 2021,,
,,
,,
,,
290,,
,,
Alappuzha,,
,,
Alappuzha,,
,,
Onion,,
,,
Big,,
,,
FAQ,,
,,
1400,,
,,
1500,,
,,
1450,,
,,
06 Aug 2020,,
,,
,,
,,
291,,
,,
Alappuzha,,
,,
Alappuzha,,
,,
Onion,,
,,
Big,,
,,
FAQ,,
,,
4800,,
,,
5000,,
,,
4900,,
,,
13 Oct 2020,,
,,
,,
,,
292,,
,,
Alappuzha,,
,,
Alappuzha,,
,,
Onion,,
,,
Small,,
,,
FAQ,,
,,
4400,,
,,
4600,,
,,
4500,,
,,
22 Mar 2021,,
,,
,,
,,
293,,
,,
Alappuzha,,
,,
Alappuzha,,
,,
Onion,,
,,
Small,,
,,
FAQ,,
,,
4500,,
,,
4600,,
,,
4550,,
,,
27 May 2021,,
,,
,,
,,
294,,
,,
Alappuzha,,
,,
Alappuzha,,
,,
Onion,,
,,
Small,,
,,
FAQ,,
,,
6500,,
,,
6700,,
,,
6600,,
,,
16 Oct 2020,,
,,
,,
,,
295,,
,,
Alappuzha,,
,,
Alappuzha,,
,,
Onion,,
,,
Big,,
,,
FAQ,,
,,
5400,,
,,
5500,,
,,
5450,,
,,
24 Nov 2020,,
,,
,,
,,
296,,
,,
Alappuzha,,
,,
Alappuzha,,
,,
Onion,,
,,
Small,,
,,
FAQ,,
,,
7500,,
,,
7700,,
,,
7600,,
,,
08 Feb 2021,,
,,
,,
,,
297,,
,,
Alappuzha,,
,,
Alappuzha,,
,,
Onion,,
,,
Small,,
,,
FAQ,,
,,
4500,,
,,
4650,,
,,
4600,,
,,
25 May 2021,,
,,
,,
,,
298,,
,,
Alappuzha,,
,,
Alappuzha,,
,,
Onion,,
,,
Small,,
,,
FAQ,,
,,
7500,,
,,
7600,,
,,
7550,,
,,
05 Feb 2021,,
,,
,,
,,
299,,
,,
Alappuzha,,
,,
Alappuzha,,
,,
Onion,,
,,
Small,,
,,
FAQ,,
,,
5400,,
,,
5500,,
,,
5450,,
,,
16 Jan 2021,,
,,
,,
,,
300,,
,,
Alappuzha,,
,,
Alappuzha,,
,,
Onion,,
,,
Small,,
,,
FAQ,,
,,
4400,,
,,
4500,,
,,
4450,,
,,
11 Apr 2021,,
,,
,,
,,
301,,
,,
Alappuzha,,
,,
Alappuzha,,
,,
Onion,,
,,
Small,,
,,
FAQ,,
,,
4500,,
,,
4600,,
,,
4550,,
,,
14 May 2021,,
,,
,,
,,
302,,
,,
Alappuzha,,
,,
Alappuzha,,
,,
Onion,,
,,
Small,,
,,
FAQ,,
,,
4400,,
,,
4600,,
,,
4500,,
,,
28 May 2021,,
,,
,,
,,
303,,
,,
Alappuzha,,
,,
Alappuzha,,
,,
Onion,,
,,
Big,,
,,
FAQ,,
,,
1400,,
,,
1500,,
,,
1450,,
,,
10 Jul 2020,,
,,
,,
,,
304,,
,,
Alappuzha,,
,,
Alappuzha,,
,,
Onion,,
,,
Big,,
,,
FAQ,,
,,
6500,,
,,
6650,,
,,
6600,,
,,
10 Nov 2020,,
,,
,,
,,
305,,
,,
Alappuzha,,
,,
Alappuzha,,
,,
Onion,,
,,
Small,,
,,
FAQ,,
,,
4000,,
,,
4200,,
,,
4100,,
,,
30 Jan 2021,,
,,
,,
,,
306,,
,,
Alappuzha,,
,,
Alappuzha,,
,,
Onion,,
,,
Small,,
,,
FAQ,,
,,
4400,,
,,
4600,,
,,
4500,,
,,
23 Mar 2021,,
,,
,,
,,
307,,
,,
Alappuzha,,
,,
Alappuzha,,
,,
Onion,,
,,
Small,,
,,
FAQ,,
,,
5400,,
,,
5550,,
,,
5500,,
,,
08 Oct 2020,,
,,
,,
,,
308,,
,,
Alappuzha,,
,,
Alappuzha,,
,,
Onion,,
,,
Big,,
,,
FAQ,,
,,
2300,,
,,
2400,,
,,
2350,,
,,
14 Mar 2021,,
,,
,,
,,
309,,
,,
Alappuzha,,
,,
Alappuzha,,
,,
Onion,,
,,
Small,,
,,
FAQ,,
,,
4400,,
,,
4500,,
,,
4450,,
,,
12 Apr 2021,,
,,
,,
,,
310,,
,,
Alappuzha,,
,,
Alappuzha,,
,,
Onion,,
,,
Small,,
,,
FAQ,,
,,
4500,,
,,
4600,,
,,
4550,,
,,
30 May 2021,,
,,
,,
,,
311,,
,,
Alappuzha,,
,,
Alappuzha,,
,,
Onion,,
,,
Big,,
,,
FAQ,,
,,
3800,,
,,
3950,,
,,
3900,,
,,
11 Jan 2021,,
,,
,,
,,
312,,
,,
Alappuzha,,
,,
Alappuzha,,
,,
Onion,,
,,
Small,,
,,
FAQ,,
,,
5400,,
,,
5500,,
,,
5450,,
,,
18 Jan 2021,,
,,
,,
,,
313,,
,,
Alappuzha,,
,,
Alappuzha,,
,,
Onion,,
,,
Small,,
,,
FAQ,,
,,
5200,,
,,
5350,,
,,
5300,,
,,
07 Jun 2021,,
,,
,,
,,
314,,
,,
Alappuzha,,
,,
Alappuzha,,
,,
Onion,,
,,
Big,,
,,
FAQ,,
,,
3800,,
,,
3900,,
,,
3850,,
,,
19 Jan 2021,,
,,
,,
,,
315,,
,,
Alappuzha,,
,,
Alappuzha,,
,,
Onion,,
,,
Big,,
,,
FAQ,,
,,
2000,,
,,
2100,,
,,
2050,,
,,
26 May 2021,,
,,
,,
,,
316,,
,,
Alappuzha,,
,,
Alappuzha,,
,,
Onion,,
,,
Big,,
,,
FAQ,,
,,
3800,,
,,
4000,,
,,
3900,,
,,
15 Jan 2021,,
,,
,,
,,
317,,
,,
Alappuzha,,
,,
Alappuzha,,
,,
Onion,,
,,
Small,,
,,
FAQ,,
,,
4200,,
,,
4400,,
,,
4300,,
,,
29 Mar 2021,,
,,
,,
,,
318,,
,,
Alappuzha,,
,,
Alappuzha,,
,,
Onion,,
,,
Small,,
,,
FAQ,,
,,
8500,,
,,
8700,,
,,
8600,,
,,
12 Nov 2020,,
,,
,,
,,
319,,
,,
Alappuzha,,
,,
Alappuzha,,
,,
Onion,,
,,
Big,,
,,
FAQ,,
,,
1400,,
,,
1500,,
,,
1450,,
,,
14 Jun 2020,,
,,
,,
,,
320,,
,,
Alappuzha,,
,,
Alappuzha,,
,,
Onion,,
,,
Big,,
,,
FAQ,,
,,
4200,,
,,
4350,,
,,
4300,,
,,
02 Oct 2020,,
,,
,,
,,
321,,
,,
Alappuzha,,
,,
Alappuzha,,
,,
Onion,,
,,
Small,,
,,
FAQ,,
,,
9500,,
,,
9600,,
,,
9550,,
,,
18 Feb 2021,,
,,
,,
,,
322,,
,,
Alappuzha,,
,,
Alappuzha,,
,,
Onion,,
,,
Small,,
,,
FAQ,,
,,
7500,,
,,
7600,,
,,
7550,,
,,
06 Feb 2021,,
,,
,,
,,
323,,
,,
Alappuzha,,
,,
Alappuzha,,
,,
Onion,,
,,
Small,,
,,
FAQ,,
,,
5400,,
,,
5550,,
,,
5500,,
,,
02 Oct 2020,,
,,
,,
,,
324,,
,,
Alappuzha,,
,,
Alappuzha,,
,,
Onion,,
,,
Small,,
,,
FAQ,,
,,
9500,,
,,
9600,,
,,
9550,,
,,
17 Feb 2021,,
,,
,,
,,
325,,
,,
Alappuzha,,
,,
Alappuzha,,
,,
Onion,,
,,
Big,,
,,
FAQ,,
,,
2300,,
,,
2400,,
,,
2350,,
,,
20 Mar 2021,,
,,
,,
,,
326,,
,,
Alappuzha,,
,,
Alappuzha,,
,,
Onion,,
,,
Big,,
,,
FAQ,,
,,
2000,,
,,
2100,,
,,
2050,,
,,
15 May 2021,,
,,
,,
,,
327,,
,,
Alappuzha,,
,,
Alappuzha,,
,,
Onion,,
,,
Big,,
,,
FAQ,,
,,
2300,,
,,
2400,,
,,
2350,,
,,
18 Mar 2021,,
,,
,,
,,
328,,
,,
Alappuzha,,
,,
Alappuzha,,
,,
Onion,,
,,
Small,,
,,
FAQ,,
,,
3600,,
,,
3700,,
,,
3650,,
,,
03 Aug 2020,,
,,
,,
,,
329,,
,,
Alappuzha,,
,,
Alappuzha,,
,,
Onion,,
,,
Big,,
,,
FAQ,,
,,
4200,,
,,
4350,,
,,
4300,,
,,
03 Oct 2020,,
,,
,,
,,
330,,
,,
Alappuzha,,
,,
Alappuzha,,
,,
Onion,,
,,
Big,,
,,
FAQ,,
,,
7000,,
,,
7200,,
,,
7100,,
,,
31 Oct 2020,,
,,
,,
,,
331,,
,,
Alappuzha,,
,,
Alappuzha,,
,,
Onion,,
,,
Small,,
,,
FAQ,,
,,
3600,,
,,
3700,,
,,
3650,,
,,
02 Aug 2020,,
,,
,,
,,
332,,
,,
Alappuzha,,
,,
Alappuzha,,
,,
Onion,,
,,
Big,,
,,
FAQ,,
,,
4200,,
,,
4300,,
,,
4250,,
,,
08 Oct 2020,,
,,
,,
,,
333,,
,,
Alappuzha,,
,,
Alappuzha,,
,,
Onion,,
,,
Big,,
,,
FAQ,,
,,
4000,,
,,
4150,,
,,
4100,,
,,
05 Feb 2021,,
,,
,,
,,
334,,
,,
Alappuzha,,
,,
Alappuzha,,
,,
Onion,,
,,
Big,,
,,
FAQ,,
,,
2000,,
,,
2200,,
,,
2100,,
,,
23 May 2021,,
,,
,,
,,
335,,
,,
Alappuzha,,
,,
Alappuzha,,
,,
Onion,,
,,
Small,,
,,
FAQ,,
,,
4400,,
,,
4600,,
,,
4500,,
,,
31 May 2021,,
,,
,,
,,
336,,
,,
Alappuzha,,
,,
Alappuzha,,
,,
Onion,,
,,
Big,,
,,
FAQ,,
,,
4800,,
,,
4900,,
,,
4850,,
,,
15 Oct 2020,,
,,
,,
,,
337,,
,,
Alappuzha,,
,,
Alappuzha,,
,,
Onion,,
,,
Small,,
,,
FAQ,,
,,
4000,,
,,
4100,,
,,
4050,,
,,
30 Dec 2020,,
,,
,,
,,
338,,
,,
Alappuzha,,
,,
Alappuzha,,
,,
Onion,,
,,
Big,,
,,
FAQ,,
,,
4150,,
,,
4250,,
,,
4200,,
,,
25 Sep 2020,,
,,
,,
,,
339,,
,,
Alappuzha,,
,,
Alappuzha,,
,,
Onion,,
,,
Small,,
,,
FAQ,,
,,
5200,,
,,
5350,,
,,
5300,,
,,
05 Jun 2021,,
,,
,,
,,
340,,
,,
Alappuzha,,
,,
Alappuzha,,
,,
Onion,,
,,
Small,,
,,
FAQ,,
,,
8200,,
,,
8400,,
,,
8300,,
,,
25 Nov 2020,,
,,
,,
,,
341,,
,,
Alappuzha,,
,,
Alappuzha,,
,,
Onion,,
,,
Big,,
,,
FAQ,,
,,
3800,,
,,
3900,,
,,
3850,,
,,
27 Jan 2021,,
,,
,,
,,
,,
